{
  "era5_10": {
    "10m-u-component-of-wind": {
      "count": 653820,
      "mean": -0.2727852946770449,
      "std": 1.3579520978805184,
      "var": 1205666.2445882931
    },
    "10m-v-component-of-wind": {
      "count": 653820,
      "mean": 0.17972605087728852,
      "std": 1.2052113069549892,
      "var": 949695.9723725542
    },
    "2m-dewpoint-temperature": {
      "count": 653820,
      "mean": 284.6962011952875,
      "std": 9.776126103040754,
      "var": 62487304.51950598
    },
    "2m-temperature": {
      "count": 653820,
      "mean": 294.2517571286055,
      "std": 9.143227494152338,
      "var": 54658442.54280263
    },
    "surface-pressure": {
      "count": 653820,
      "mean": 92440.59815108351,
      "std": 9859.486830127991,
      "var": 63557502575467.984
    },
    "total-precipitation": {
      "count": 653820,
      "mean": 0.002641128413214006,
      "std": 0.0037320805545146937,
      "var": 9.106683007015135
    }
  },
  "landsat": {
    "B1": {
      "count": 18487050240,
      "mean": 13247.241191620094,
      "std": 6939.306807637396,
      "var": 8.902250284839567e+17
    },
    "B10": {
      "count": 18487050240,
      "mean": 25637.876656936616,
      "std": 5671.1489502261775,
      "var": 5.945792234095329e+17
    },
    "B11": {
      "count": 18487050240,
      "mean": 23658.005669286656,
      "std": 4727.165187758304,
      "var": 4.131133016668856e+17
    },
    "B2": {
      "count": 18487050240,
      "mean": 12648.617097217651,
      "std": 7138.983746742804,
      "var": 9.421941596506685e+17
    },
    "B3": {
      "count": 18487050240,
      "mean": 12230.975509068196,
      "std": 6983.761887346506,
      "var": 9.016676090950615e+17
    },
    "B4": {
      "count": 18487050240,
      "mean": 12359.122446252226,
      "std": 7428.622893616341,
      "var": 1.0201974795388027e+18
    },
    "B5": {
      "count": 18487050240,
      "mean": 17282.265035930952,
      "std": 7578.887398261307,
      "var": 1.0618875544348508e+18
    },
    "B6": {
      "count": 18487050240,
      "mean": 14562.568980950866,
      "std": 5737.133400718155,
      "var": 6.08495706205225e+17
    },
    "B7": {
      "count": 18487050240,
      "mean": 11648.448038852119,
      "std": 4729.375483617024,
      "var": 4.134997134188544e+17
    },
    "B8": {
      "count": 18487050240,
      "mean": 12212.893569559774,
      "std": 7140.994643513366,
      "var": 9.42725025695957e+17
    },
    "B9": {
      "count": 18487050240,
      "mean": 5477.167176652173,
      "std": 1752.2786624318655,
      "var": 5.676412746435942e+16
    }
  },
  "naip_10": {
    "B": {
      "count": 1116733440,
      "mean": 97.26781782589043,
      "std": 34.34128761230383,
      "var": 1316990586336.141
    },
    "G": {
      "count": 1116733440,
      "mean": 114.38359035527772,
      "std": 38.75367397529643,
      "var": 1677163042031.7961
    },
    "IR": {
      "count": 1116733440,
      "mean": 135.6731004464235,
      "std": 52.16901967603052,
      "var": 3039309116332.136
    },
    "R": {
      "count": 1116733440,
      "mean": 110.38282841516772,
      "std": 46.31341918791138,
      "var": 2395318180823.2607
    }
  },
  "sampled_n": 100000,
  "sentinel1": {
    "vh": {
      "count": 16249454592,
      "mean": -16.713850470160043,
      "std": 4.51101171515562,
      "var": 330663835150.875
    },
    "vv": {
      "count": 16249454592,
      "mean": -10.542811756584099,
      "std": 4.5407633023650344,
      "var": 335039889219.75
    }
  },
  "sentinel2_l2a": {
    "B01": {
      "count": 18791989248,
      "mean": 1122.4352514106095,
      "std": 1968.641306155228,
      "var": 7.28292674766137e+16
    },
    "B02": {
      "count": 18791989248,
      "mean": 1194.2149777598197,
      "std": 1867.7426197331351,
      "var": 6.55551496711735e+16
    },
    "B03": {
      "count": 18791989248,
      "mean": 1413.5985645369124,
      "std": 1733.0848774578726,
      "var": 5.644330305842931e+16
    },
    "B04": {
      "count": 18791989248,
      "mean": 1522.6121521985303,
      "std": 1744.2094582950722,
      "var": 5.71702418833065e+16
    },
    "B05": {
      "count": 18791989248,
      "mean": 1900.8675940300884,
      "std": 1757.5124542843578,
      "var": 5.804563649540378e+16
    },
    "B06": {
      "count": 18791989248,
      "mean": 2490.5525711039195,
      "std": 1621.0808948115894,
      "var": 4.938352994807898e+16
    },
    "B07": {
      "count": 18791989248,
      "mean": 2728.211358054494,
      "std": 1618.7581591182436,
      "var": 4.924211478285773e+16
    },
    "B08": {
      "count": 18791989248,
      "mean": 2761.083706694885,
      "std": 1608.9199408142922,
      "var": 4.864538264797133e+16
    },
    "B09": {
      "count": 18791989248,
      "mean": 3280.223617259987,
      "std": 2659.861160179143,
      "var": 1.3295071919883418e+17
    },
    "B11": {
      "count": 18791989248,
      "mean": 2575.687328749127,
      "std": 1440.1672650063863,
      "var": 3.897612196794778e+16
    },
    "B12": {
      "count": 18791989248,
      "mean": 1925.8865570316298,
      "std": 1329.6555837533665,
      "var": 3.322393578130739e+16
    },
    "B8A": {
      "count": 18791989248,
      "mean": 2891.0829769712227,
      "std": 1606.9465110426409,
      "var": 4.85261232984617e+16
    }
  },
  "srtm": {
    "srtm": {
      "count": 1548320768,
      "mean": 710.3096804292236,
      "std": 991.0564252373335,
      "var": 1520749569262766.5
    }
  },
  "tile_path": "/weka/dfive-default/helios/dataset/presto/h5py_data_w_missing_timesteps_zstd_3_128_x_4/era5_10_landsat_naip_10_openstreetmap_raster_sentinel1_sentinel2_l2a_srtm_worldcover/469736",
  "total_n": 469736,
  "worldcover": {
    "B1": {
      "count": 1621868544,
      "mean": 34.32951960624484,
      "std": 23.998366512741335,
      "var": 934069119194.7114
    }
  }
}
