{
  "era5_10": {
    "10m-u-component-of-wind": {
      "count": 1033488,
      "mean": -0.34763355416884184,
      "std": 1.292515224265983,
      "var": 1726540.5105782226
    },
    "10m-v-component-of-wind": {
      "count": 1033488,
      "mean": 0.1255414511094536,
      "std": 1.1178926517853272,
      "var": 1291533.3980685333
    },
    "2m-dewpoint-temperature": {
      "count": 1033488,
      "mean": 285.4559527246544,
      "std": 9.404737682243573,
      "var": 91411074.02692747
    },
    "2m-temperature": {
      "count": 1033488,
      "mean": 294.50472126252856,
      "std": 8.411936534534556,
      "var": 73130309.78766686
    },
    "surface-pressure": {
      "count": 1033488,
      "mean": 93020.7548015346,
      "std": 9569.325560265575,
      "var": 94638554535676.73
    },
    "total-precipitation": {
      "count": 1033488,
      "mean": 0.0027392657043728242,
      "std": 0.003682535319040505,
      "var": 14.015199366779598
    }
  },
  "landsat": {
    "B1": {
      "count": 18517524480,
      "mean": 13238.471105259037,
      "std": 6933.0398745935645,
      "var": 8.900826251145134e+17
    },
    "B10": {
      "count": 18517524480,
      "mean": 25636.695894041357,
      "std": 5677.348417798248,
      "var": 5.968621275907482e+17
    },
    "B11": {
      "count": 18517524480,
      "mean": 23658.79550901508,
      "std": 4732.81719839564,
      "var": 4.147843753357271e+17
    },
    "B2": {
      "count": 18517524480,
      "mean": 12639.825481681437,
      "std": 7131.803351181761,
      "var": 9.418497931887698e+17
    },
    "B3": {
      "count": 18517524480,
      "mean": 12222.528808692135,
      "std": 6975.129714912037,
      "var": 9.009226476032492e+17
    },
    "B4": {
      "count": 18517524480,
      "mean": 12350.178568800333,
      "std": 7417.475129884513,
      "var": 1.0188145183618007e+18
    },
    "B5": {
      "count": 18517524480,
      "mean": 17279.43127981461,
      "std": 7561.22982444077,
      "var": 1.0586875474866176e+18
    },
    "B6": {
      "count": 18517524480,
      "mean": 14560.779405117486,
      "std": 5721.958386854219,
      "var": 6.062787095776297e+17
    },
    "B7": {
      "count": 18517524480,
      "mean": 11647.434551337989,
      "std": 4718.324792065164,
      "var": 4.122480338961449e+17
    },
    "B8": {
      "count": 18517524480,
      "mean": 12204.211142237613,
      "std": 7131.566136225682,
      "var": 9.417871394304819e+17
    },
    "B9": {
      "count": 18517524480,
      "mean": 5479.143181118776,
      "std": 1760.299974431,
      "var": 5.737943833476147e+16
    }
  },
  "naip_10": {
    "B": {
      "count": 1122238464,
      "mean": 97.4294482540569,
      "std": 35.15173616159952,
      "var": 1386687847649.223
    },
    "G": {
      "count": 1122238464,
      "mean": 114.59674271421164,
      "std": 39.54381075043416,
      "var": 1754858840092.7832
    },
    "IR": {
      "count": 1122238464,
      "mean": 135.07532531249961,
      "std": 52.51362778051846,
      "var": 3094775804863.15
    },
    "R": {
      "count": 1122238464,
      "mean": 110.82626854429394,
      "std": 46.90197464281723,
      "var": 2468694814862.3467
    }
  },
  "sampled_n": 100000,
  "sentinel1": {
    "vh": {
      "count": 16230187008,
      "mean": -16.69156240331311,
      "std": 4.487545377171559,
      "var": 326844536781.5625
    },
    "vv": {
      "count": 16230187008,
      "mean": -10.520906805851508,
      "std": 4.518650331399261,
      "var": 331391217634.1875
    }
  },
  "sentinel2_l2a": {
    "B01": {
      "count": 18775277568,
      "mean": 1116.8514983309983,
      "std": 1958.6259991456382,
      "var": 7.202601654078509e+16
    },
    "B02": {
      "count": 18775277568,
      "mean": 1189.1647477643414,
      "std": 1858.1688329315625,
      "var": 6.48271171386656e+16
    },
    "B03": {
      "count": 18775277568,
      "mean": 1409.1593899573159,
      "std": 1725.0027643187086,
      "var": 5.586836437135955e+16
    },
    "B04": {
      "count": 18775277568,
      "mean": 1518.3849659133987,
      "std": 1736.98568988938,
      "var": 5.664725206694733e+16
    },
    "B05": {
      "count": 18775277568,
      "mean": 1896.9018690356718,
      "std": 1749.9874917541435,
      "var": 5.749846559468006e+16
    },
    "B06": {
      "count": 18775277568,
      "mean": 2487.9863729905765,
      "std": 1614.2436346199045,
      "var": 4.892428994296704e+16
    },
    "B07": {
      "count": 18775277568,
      "mean": 2726.197685287529,
      "std": 1612.3831290218207,
      "var": 4.881157900106598e+16
    },
    "B08": {
      "count": 18775277568,
      "mean": 2759.473064138357,
      "std": 1602.4802016301705,
      "var": 4.821383878522419e+16
    },
    "B09": {
      "count": 18775277568,
      "mean": 3273.151667218845,
      "std": 2641.9598202907873,
      "var": 1.3105053042911194e+17
    },
    "B11": {
      "count": 18775277568,
      "mean": 2576.2914983377063,
      "std": 1435.9963996475142,
      "var": 3.871623063174912e+16
    },
    "B12": {
      "count": 18775277568,
      "mean": 1925.4025434234304,
      "std": 1325.801539534856,
      "var": 3.300223892999936e+16
    },
    "B8A": {
      "count": 18775277568,
      "mean": 2889.6929466455003,
      "std": 1600.7613281000456,
      "var": 4.811046272509107e+16
    }
  },
  "srtm": {
    "srtm": {
      "count": 1630617600,
      "mean": 675.5548606399282,
      "std": 977.4189781763733,
      "var": 1557807032843590.0
    }
  },
  "tile_path": "/weka/dfive-default/helios/dataset/presto/h5py_data_w_missing_timesteps_zstd_3_128_x_4/era5_10_landsat_naip_10_openstreetmap_raster_sentinel1_sentinel2_l2a_srtm_worldcover/469728",
  "total_n": 469728,
  "worldcover": {
    "B1": {
      "count": 1638400000,
      "mean": 33.92738031005767,
      "std": 24.086537585296913,
      "var": 950536262202.0334
    }
  }
}
