{
  "benv2": {
    "sentinel1": {
      "vh": {
        "mean": -12.219436,
        "std": 4.818725
      },
      "vv": {
        "mean": -18.605825,
        "std": 5.504077
      }
    },
    "sentinel2_l2a": {
      "B01": {
        "mean": 291.289429,
        "std": 427.668427
      },
      "B02": {
        "mean": 352.807861,
        "std": 420.933197
      },
      "B03": {
        "mean": 524.950195,
        "std": 428.181915
      },
      "B04": {
        "mean": 466.286774,
        "std": 510.498291
      },
      "B05": {
        "mean": 819.372803,
        "std": 566.862305
      },
      "B06": {
        "mean": 1697.997925,
        "std": 1001.659729
      },
      "B07": {
        "mean": 1983.787354,
        "std": 1199.594604
      },
      "B08": {
        "mean": 2127.682617,
        "std": 1298.467041
      },
      "B09": {
        "mean": 2176.868408,
        "std": 1228.168945
      },
      "B11": {
        "mean": 1408.894287,
        "std": 974.242615
      },
      "B12": {
        "mean": 861.852234,
        "std": 737.206482
      },
      "B8A": {
        "mean": 2171.571289,
        "std": 1280.955322
      }
    }
  },
  "biomassters": {
    "sentinel1": {
      "vh": {
        "mean": -16.170368,
        "std": 5.222634
      },
      "vv": {
        "mean": -10.46375,
        "std": 3.686892
      }
    },
    "sentinel2_l2a": {
      "B01": {
        "mean": 0.0,
        "std": 1.0
      },
      "B02": {
        "mean": 886.035583,
        "std": 1852.312256
      },
      "B03": {
        "mean": 1010.9151,
        "std": 1768.404541
      },
      "B04": {
        "mean": 979.601501,
        "std": 1819.044678
      },
      "B05": {
        "mean": 1322.659546,
        "std": 1816.256104
      },
      "B06": {
        "mean": 2036.003906,
        "std": 1734.93396
      },
      "B07": {
        "mean": 2221.894287,
        "std": 1687.322876
      },
      "B08": {
        "mean": 2394.76416,
        "std": 1805.155762
      },
      "B09": {
        "mean": 0.0,
        "std": 1.0
      },
      "B11": {
        "mean": 1198.321655,
        "std": 1009.207458
      },
      "B12": {
        "mean": 764.521057,
        "std": 866.140991
      },
      "B8A": {
        "mean": 2393.95874,
        "std": 1665.650146
      }
    }
  },
  "burn_scars": {
    "sentinel2_l2a": {
      "B01": {
        "mean": 0.0,
        "std": 1.0
      },
      "B02": {
        "mean": 574.846741,
        "std": 408.606781
      },
      "B03": {
        "mean": 843.804443,
        "std": 477.364441
      },
      "B04": {
        "mean": 1027.401245,
        "std": 653.692993
      },
      "B05": {
        "mean": 0.0,
        "std": 1.0
      },
      "B06": {
        "mean": 0.0,
        "std": 1.0
      },
      "B07": {
        "mean": 0.0,
        "std": 1.0
      },
      "B08": {
        "mean": 0.0,
        "std": 1.0
      },
      "B09": {
        "mean": 0.0,
        "std": 1.0
      },
      "B11": {
        "mean": 2415.864502,
        "std": 917.857849
      },
      "B12": {
        "mean": 1791.376465,
        "std": 889.306641
      },
      "B8A": {
        "mean": 2236.241699,
        "std": 752.360596
      }
    }
  },
  "caffe": {
    "sentinel1": {
      "vh": {
        "mean": 0.0,
        "std": 1.0
      },
      "vv": {
        "mean": 66.531265,
        "std": 82.212074
      }
    }
  },
  "cloudsen12": {
    "sentinel2_l2a": {
      "B01": {
        "mean": 1843.499146,
        "std": 1624.446655
      },
      "B02": {
        "mean": 2094.445312,
        "std": 1563.781738
      },
      "B03": {
        "mean": 2620.828857,
        "std": 1521.466064
      },
      "B04": {
        "mean": 3210.476562,
        "std": 1636.237427
      },
      "B05": {
        "mean": 3496.46582,
        "std": 1730.708496
      },
      "B06": {
        "mean": 3537.38208,
        "std": 1688.165527
      },
      "B07": {
        "mean": 3623.447021,
        "std": 1679.823486
      },
      "B08": {
        "mean": 3648.447266,
        "std": 1729.008911
      },
      "B09": {
        "mean": 4095.147461,
        "std": 2401.64624
      },
      "B11": {
        "mean": 4305.900879,
        "std": 1868.969727
      },
      "B12": {
        "mean": 3778.925537,
        "std": 1622.362427
      },
      "B8A": {
        "mean": 3695.080078,
        "std": 1695.376709
      }
    }
  },
  "flair2": {
    "sentinel2_l2a": {
      "B01": {
        "mean": 0.0,
        "std": 1.0
      },
      "B02": {
        "mean": 4842.733398,
        "std": 2065.181396
      },
      "B03": {
        "mean": 4908.768066,
        "std": 2053.22876
      },
      "B04": {
        "mean": 4837.705566,
        "std": 1980.658936
      },
      "B05": {
        "mean": 675.27655,
        "std": 1555.035156
      },
      "B06": {
        "mean": 0.0,
        "std": 1.0
      },
      "B07": {
        "mean": 0.0,
        "std": 1.0
      },
      "B08": {
        "mean": 4386.027832,
        "std": 1935.925049
      },
      "B09": {
        "mean": 0.0,
        "std": 1.0
      },
      "B11": {
        "mean": 0.0,
        "std": 1.0
      },
      "B12": {
        "mean": 0.0,
        "std": 1.0
      },
      "B8A": {
        "mean": 0.0,
        "std": 1.0
      }
    }
  },
  "fotw": {
    "sentinel2_l2a": {
      "B01": {
        "mean": 0.0,
        "std": 1.0
      },
      "B02": {
        "mean": 507.289764,
        "std": 378.761292
      },
      "B03": {
        "mean": 773.386658,
        "std": 443.69873
      },
      "B04": {
        "mean": 757.718018,
        "std": 614.214478
      },
      "B05": {
        "mean": 0.0,
        "std": 1.0
      },
      "B06": {
        "mean": 0.0,
        "std": 1.0
      },
      "B07": {
        "mean": 0.0,
        "std": 1.0
      },
      "B08": {
        "mean": 2968.073486,
        "std": 1113.526855
      },
      "B09": {
        "mean": 0.0,
        "std": 1.0
      },
      "B11": {
        "mean": 0.0,
        "std": 1.0
      },
      "B12": {
        "mean": 0.0,
        "std": 1.0
      },
      "B8A": {
        "mean": 0.0,
        "std": 1.0
      }
    }
  },
  "kuro_siwo": {
    "sentinel1": {
      "vh": {
        "mean": -18.336359,
        "std": 4.910754
      },
      "vv": {
        "mean": -11.120915,
        "std": 4.046877
      }
    },
    "srtm": {
      "srtm": {
        "mean": 65.434265,
        "std": 158.367477
      }
    }
  },
  "spacenet2": {
    "sentinel2_l2a": {
      "B01": {
        "mean": 0.0,
        "std": 1.0
      },
      "B02": {
        "mean": 519.61438,
        "std": 315.136322
      },
      "B03": {
        "mean": 285.161194,
        "std": 160.410095
      },
      "B04": {
        "mean": 322.872375,
        "std": 186.055832
      },
      "B05": {
        "mean": 533.924561,
        "std": 330.881104
      },
      "B06": {
        "mean": 391.328125,
        "std": 240.920593
      },
      "B07": {
        "mean": 517.075012,
        "std": 314.263336
      },
      "B08": {
        "mean": 458.934418,
        "std": 271.761139
      },
      "B09": {
        "mean": 0.0,
        "std": 1.0
      },
      "B11": {
        "mean": 435.864136,
        "std": 262.873444
      },
      "B12": {
        "mean": 0.0,
        "std": 1.0
      },
      "B8A": {
        "mean": 487.983185,
        "std": 285.534149
      }
    }
  },
  "spacenet7": {
    "sentinel2_l2a": {
      "B01": {
        "mean": 0.0,
        "std": 1.0
      },
      "B02": {
        "mean": 3010.313232,
        "std": 1735.268799
      },
      "B03": {
        "mean": 4132.535156,
        "std": 1965.066895
      },
      "B04": {
        "mean": 4704.878418,
        "std": 2507.118164
      },
      "B05": {
        "mean": 0.0,
        "std": 1.0
      },
      "B06": {
        "mean": 0.0,
        "std": 1.0
      },
      "B07": {
        "mean": 0.0,
        "std": 1.0
      },
      "B08": {
        "mean": 9996.748047,