class_id,class_name,anchor_class_count,tile_presence_count,tile_presence_fraction,pixel_count,pixel_fraction
0,aerialway_pylon,0,2,0.0003255208333333333,3,3.6976044822854546e-07
1,aerodrome,261,287,0.046712239583333336,334207,0.04119217670703917
2,airstrip,0,2,0.0003255208333333333,57,7.025448516342364e-06
3,amenity_fuel,569,969,0.15771484375,19774,0.002437214367757086
4,building,569,5371,0.8741861979166666,3064713,0.3777365508572834
5,chimney,0,18,0.0029296875,22,2.7115766203426667e-06
6,communications_tower,0,1,0.00016276041666666666,1,1.232534827428485e-07
7,crane,0,4,0.0006510416666666666,5,6.162674137142425e-07
8,flagpole,0,12,0.001953125,14,1.7255487583998788e-06
9,fountain,0,35,0.005696614583333333,42,5.176646275199637e-06
10,generator_wind,0,4,0.0006510416666666666,5,6.162674137142425e-07
11,helipad,0,16,0.0026041666666666665,17,2.0953092066284246e-06
12,highway,2,6125,0.9969075520833334,2120286,0.2613326339109033
13,leisure,569,3221,0.5242513020833334,1529498,0.1885159553482213
14,lighthouse,0,1,0.00016276041666666666,1,1.232534827428485e-07
15,obelisk,0,0,0.0,0,0.0
16,observatory,0,0,0.0,0,0.0
17,parking,569,2055,0.33447265625,367094,0.045245613994003224
18,petroleum_well,0,0,0.0,0,0.0
19,power_plant,351,373,0.060709635416666664,235318,0.029003763052081622
20,power_substation,569,1074,0.1748046875,104097,0.0128303177930823
21,power_tower,569,2000,0.3255208333333333,2805,0.00034572601909369004
22,river,569,2193,0.35693359375,73091,0.009008720307157539
23,runway,192,192,0.03125,3734,0.0004602285045617963
24,satellite_dish,0,2,0.0003255208333333333,2,2.46506965485697e-07
25,silo,0,4,0.0006510416666666666,5,6.162674137142425e-07
26,storage_tank,0,20,0.0032552083333333335,28,3.4510975167997577e-06
27,taxiway,0,73,0.011881510416666666,3544,0.00043681034284065505
28,water_tower,0,0,0.0,0,0.0
29,works,364,365,0.059407552083333336,254998,0.03142939159246088
