{
  "band_order": [
    "d2m",
    "e",
    "pev",
    "ro",
    "sp",
    "ssr",
    "ssrd",
    "str",
    "swvl1",
    "swvl2",
    "t2m",
    "tp",
    "u10",
    "v10"
  ],
  "channel_labels": [
    "d2m_d0",
    "d2m_d1",
    "d2m_d2",
    "d2m_d3",
    "d2m_d4",
    "d2m_d5",
    "d2m_approx",
    "e_d0",
    "e_d1",
    "e_d2",
    "e_d3",
    "e_d4",
    "e_d5",
    "e_approx",
    "pev_d0",
    "pev_d1",
    "pev_d2",
    "pev_d3",
    "pev_d4",
    "pev_d5",
    "pev_approx",
    "ro_d0",
    "ro_d1",
    "ro_d2",
    "ro_d3",
    "ro_d4",
    "ro_d5",
    "ro_approx",
    "sp_d0",
    "sp_d1",
    "sp_d2",
    "sp_d3",
    "sp_d4",
    "sp_d5",
    "sp_approx",
    "ssr_d0",
    "ssr_d1",
    "ssr_d2",
    "ssr_d3",
    "ssr_d4",
    "ssr_d5",
    "ssr_approx",
    "ssrd_d0",
    "ssrd_d1",
    "ssrd_d2",
    "ssrd_d3",
    "ssrd_d4",
    "ssrd_d5",
    "ssrd_approx",
    "str_d0",
    "str_d1",
    "str_d2",
    "str_d3",
    "str_d4",
    "str_d5",
    "str_approx",
    "swvl1_d0",
    "swvl1_d1",
    "swvl1_d2",
    "swvl1_d3",
    "swvl1_d4",
    "swvl1_d5",
    "swvl1_approx",
    "swvl2_d0",
    "swvl2_d1",
    "swvl2_d2",
    "swvl2_d3",
    "swvl2_d4",
    "swvl2_d5",
    "swvl2_approx",
    "t2m_d0",
    "t2m_d1",
    "t2m_d2",
    "t2m_d3",
    "t2m_d4",
    "t2m_d5",
    "t2m_approx",
    "tp_d0",
    "tp_d1",
    "tp_d2",
    "tp_d3",
    "tp_d4",
    "tp_d5",
    "tp_approx",
    "u10_d0",
    "u10_d1",
    "u10_d2",
    "u10_d3",
    "u10_d4",
    "u10_d5",
    "u10_approx",
    "v10_d0",
    "v10_d1",
    "v10_d2",
    "v10_d3",
    "v10_d4",
    "v10_d5",
    "v10_approx"
  ],
  "created_utc": "2026-07-07T23:58:56.386339+00:00",
  "exact_match_vars": [
    "str"
  ],
  "include_approx": true,
  "layout": "var_major: c = v*n_bands + s",
  "levels": [
    0,
    1,
    2,
    3,
    4,
    5
  ],
  "n_bands_per_var": 7,
  "n_windows": 50000,
  "nodata_tol": 0.5,
  "nodata_value": -9999.0,
  "num_channels": 98,
  "num_variables": 14,
  "phase": "raw",
  "raw_mean": [
    276.61895076286095,
    -0.0015263211536627938,
    -0.007465690873178205,
    0.0010928385192369757,
    91837.17168565071,
    12801279.551678993,
    16488831.241778402,
    -5972070.409531386,
    0.26880851459988053,
    0.28140566039375736,
    284.76292324490106,
    0.002621525757494073,
    0.026601745887797196,
    0.012848609156993282
  ],
  "raw_std": [
    14.39720515289558,
    0.0014636643464034686,
    0.00727726121728425,
    0.003756281299664474,
    9517.223545887384,
    6987935.884812039,
    8203590.214258837,
    3225719.470627974,
    0.14553213291530795,
    0.12816708232587504,
    15.554434731901289,
    0.006538003324970979,
    1.9911724259455854,
    1.8940515269743978
  ],
  "raw_valid_count": [
    22393098,
    22400000,
    22400000,
    22400000,
    22393098,
    22400000,
    22400000,
    22212360,
    22393098,
    22393098,
    22393098,
    22400000,
    22393098,
    22393098
  ],
  "swt_buffer_days": 83,
  "swt_unnorm_mean": [
    -8.808388939625612e-05,
    -0.0002937097676421546,
    -0.0006480569604391293,
    -0.002722386897730504,
    -0.005751775125796317,
    -0.007801689759611208,
    2213.0939677459824,
    -1.0772650149673073e-08,
    -4.2953132141717417e-08,
    -1.047791400514877e-07,
    -1.8051831848962445e-07,
    -6.846611171855787e-07,
    -1.5153404575288552e-06,
    -0.012222304335877976,
    -7.913633500701575e-08,
    -2.1944603134360098e-07,
    2.326011690869833e-07,
    1.9982578582953483e-06,
    4.115551432823923e-06,
    1.0066257948601994e-05,
    -0.05977913734631344,
    -4.430441021913143e-08,
    -2.9460527259104354e-08,
    -2.026669882989635e-07,
    2.1807280496789097e-07,
    1.1422131055132821e-06,
    -4.945620830931137e-07,
    0.00875560524427243,
    -0.009974604269588684,
    -0.001659267961658787,
    0.0005243108384042878,
    -0.3517630546086454,
    -0.339597026986886,
    0.06617020395029988,
    734725.219317647,
    -4.228355907212786,
    150.6833298828022,
    201.99839136562377,
    -302.66993951267256,
    783.5416399656363,
    2711.719251029021,
    102477000.3574183,
    -17.908413490322857,
    184.07697643863884,
    310.77011643333236,
    -478.28689366595125,
    -1193.5907162966382,
    -1333.6514172141935,
    131925660.69727507,
    5.770758240816621,
    -86.96721679672427,
    -119.36108884817601,
    321.2890595387226,
    186.3357343074815,
    -837.7527466040568,
    -47740046.571603745,
    1.113411410310541e-06,
    3.48831729033686e-06,
    1.1205638348324892e-05,
    2.533203708666385e-05,
    7.645801916711721e-05,
    0.00026589206627475234,
    2.1502211923073546,
    8.327476512702596e-07,
    2.7149938576597187e-06,
    7.731313064386258e-06,
    1.865382229089856e-05,
    6.375757983956985e-05,
    0.00024834988148294645,
    2.251109605695779,
    -7.30971387819971e-05,
    -0.0002299006983641206,
    -0.0006201993955846717,
    -0.0033615255433205827,
    -0.0081332802643876,
    -0.014540764432085093,
    2278.2856283143797,
    -7.566943717368757e-08,
    -4.15474380331623e-08,
    -3.68552320509811e-07,
    4.031298740547937e-07,
    2.818466342136317e-06,
    -5.229734049544831e-06,
    0.020979336627362833,
    3.948941318288829e-05,
    0.00011575910518502993,
    9.887215000533057e-05,
    -0.0001392616107120945,
    -0.0011192681523546281,
    -0.00294361857087518,
    0.21884920809073052,
    3.8911642510721724e-05,
    4.602534462549965e-05,
    3.604788379991488e-05,
    0.0005446079768032636,
    0.0006344926339871557,
    -0.0018198637614528963,
    0.1015182105210127
  ],